variable,count,mean,std,min,25%,50%,75%,max,original
dummy1,1000.0,3.541966797092226e-05,0.010615682715759528,-0.0305004693945178,-0.007295663334597925,-0.0004025891448939,0.007339879040401275,0.037697807434867,0.009971487031005
dummy2,1000.0,0.0007730571810542071,0.011225701444806604,-0.0365757115721798,-0.006986728842696075,0.0007188563460625,0.008815068361785125,0.0401146784895587,-0.0007919875013442
x1,1000.0,0.09648919396254459,2.9247894418574747,-8.757684515618367,-1.8907069698481354,0.15682453651825276,2.054687611566174,28.20473903156744,28.20473903156744
x2,1000.0,0.15020838847363222,8.1637187162626,-24.344848746377348,-4.899095906699702,0.2501357910524187,5.36699897605909,75.05065549146877,75.05065549146877
x3,1000.0,-0.06341145606696516,1.8971329724165322,-6.009798782073624,-1.2007851130709248,0.013354127561933951,1.1231169965173686,17.755204275742326,17.755204275742326
